NO,REGION,DISCTRIT,TOWNSHIP,TS_PCODE,YEAR,P_KINDS,P_ACRE,H_ACRE,Y_PERCENT,Y_TIN
1,Mandalay,Mandalay,Aungmyaythazan,MMR010001,2017-2018,Emahta,39,23,,2528
2,Mandalay,Mandalay,Chanayethazan,MMR010002,2017-2018,Emahta,0,0,0,0
3,Mandalay,Mandalay,Mahaaungmyay,MMR010003,2017-2018,Emahta,0,0,0,0
4,Mandalay,Mandalay,Chanmyaythazi,MMR010004,2017-2018,Emahta,0,0,0,0
5,Mandalay,Mandalay,Pyigyitagon,MMR010005,2017-2018,Emahta,40,4,73.5,294
6,Mandalay,Mandalay,Amarapura,MMR010006,2017-2018,Emahta,18292,11563,94.46,1092255
7,Mandalay,Mandalay,Patheingyi,MMR010007,2017-2018,Emahta,39544,23591,94.75,2235325
8,Mandalay,Pyinoolwin,Pyinoolwin,MMR010008,2017-2018,Emahta,3083,3083,45.2,139352
9,Mandalay,Pyinoolwin,Madaya,MMR010009,2017-2018,Emahta,77271,40865,93.24,3810371
10,Mandalay,Pyinoolwin,Singu,MMR010010,2017-2018,Emahta,5342,1630,73.12,119183
11,Mandalay,Pyinoolwin,Mogoke,MMR010011,2017-2018,Emahta,991,991,73.85,73185
12,Mandalay,Pyinoolwin,Thabeikkyin,MMR010012,2017-2018,Emahta,0,0,0,0
13,Mandalay,Pyinoolwin,Tatkaung,MMR010012702,2017-2018,Emahta,0,0,0,0
14,Mandalay,Kyaukse,Kyaukse,MMR010013,2017-2018,Emahta,49663,43166,91.9,3967158
15,Mandalay,Kyaukse,Sintgaing,MMR010014,2017-2018,Emahta,31972,26911,95.34,2565806
16,Mandalay,Kyaukse,Myittha,MMR010015,2017-2018,Emahta,46915,39722,94.25,3743675
17,Mandalay,Kyaukse,Tada_U,MMR010016,2017-2018,Emahta,8425,6836,93.89,641837
18,Mandalay,Meiktila,Meiktila,MMR010028,2017-2018,Emahta,1714,1562,,105798
19,Mandalay,Meiktila,Mahlaing,MMR010029,2017-2018,Emahta,591,495,110.35,54622
20,Mandalay,Meiktila,Thazi,MMR010030,2017-2018,Emahta,4982,1632,66.83,175897
21,Mandalay,Meiktila,Wundwin,MMR010031,2017-2018,Emahta,20504,575,57.67,33160
22,Mandalay,Myingyan,Myingyan,MMR010017,2017-2018,Emahta,3122,1888,82.72,156183
23,Mandalay,Myingyan,Taungtha,MMR010018,2017-2018,Emahta,2226,1612,88.17,142122
24,Mandalay,Myingyan,Natogyi,MMR010019,2017-2018,Emahta,0,0,0,0
25,Mandalay,Myingyan,Ngazun,MMR010021,2017-2018,Emahta,511,481,86.62,41663
26,Mandalay,Nyaung_U,Nyaung_U,MMR010022,2017-2018,Emahta,1628,1329,86.23,114597
27,Mandalay,Nyaung_U,Kyaukpadaung,MMR010020,2017-2018,Emahta,578,52,82.33,4281
28,Mandalay,Nyaung_U,Ngathayauk,MMR010022703,2017-2018,Emahta,0,0,0,0
29,Mandalay,Yamethin,Yamethin,MMR010023,2017-2018,Emahta,3439,646,86.85,56106
30,Mandalay,Yamethin,Pyawbwe,MMR010024,2017-2018,Emahta,1399,714,124.93,89202
31,Mandalay,Mandalay,Aungmyaythazan,MMR010001,2017-2018,Letyezin,0,0,0,0
32,Mandalay,Mandalay,Chanayethazan,MMR010002,2017-2018,Letyezin,0,0,0,0
33,Mandalay,Mandalay,Mahaaungmyay,MMR010003,2017-2018,Letyezin,0,0,0,0
34,Mandalay,Mandalay,Chanmyaythazi,MMR010004,2017-2018,Letyezin,0,0,0,0
35,Mandalay,Mandalay,Pyigyitagon,MMR010005,2017-2018,Letyezin,45,0,0,0
36,Mandalay,Mandalay,Amarapura,MMR010006,2017-2018,Letyezin,0,0,0,0
37,Mandalay,Mandalay,Patheingyi,MMR010007,2017-2018,Letyezin,889,310,94.5,29295
38,Mandalay,Pyinoolwin,Pyinoolwin,MMR010008,2017-2018,Letyezin,0,0,0,0
39,Mandalay,Pyinoolwin,Madaya,MMR010009,2017-2018,Letyezin,10690,3500,96.25,336890
40,Mandalay,Pyinoolwin,Singu,MMR010010,2017-2018,Letyezin,19870,14565,83.88,1221661
41,Mandalay,Pyinoolwin,Mogoke,MMR010011,2017-2018,Letyezin,0,0,0,0
42,Mandalay,Pyinoolwin,Thabeikkyin,MMR010012,2017-2018,Letyezin,5750,4666,81.83,381808
43,Mandalay,Pyinoolwin,Tatkaung,MMR010012702,2017-2018,Letyezin,2830,2304,72.41,166827
44,Mandalay,Kyaukse,Kyaukse,MMR010013,2017-2018,Letyezin,22793,10587,101.17,1071111
45,Mandalay,Kyaukse,Sintgaing,MMR010014,2017-2018,Letyezin,6735,1543,99.12,152942
46,Mandalay,Kyaukse,Myittha,MMR010015,2017-2018,Letyezin,35773,22125,103.62,2292592
47,Mandalay,Kyaukse,Tada_U,MMR010016,2017-2018,Letyezin,8483,7458,95.25,710375
48,Mandalay,Meiktila,Meiktila,MMR010028,2017-2018,Letyezin,7422,7422,,526575
49,Mandalay,Meiktila,Mahlaing,MMR010029,2017-2018,Letyezin,4494,4494,55.52,249495
50,Mandalay,Meiktila,Thazi,MMR010030,2017-2018,Letyezin,36248,36107,67.5,2437240
51,Mandalay,Meiktila,Wundwin,MMR010031,2017-2018,Letyezin,56657,54883,83.35,4574454
52,Mandalay,Myingyan,Myingyan,MMR010017,2017-2018,Letyezin,2252,1579,80.32,126828
53,Mandalay,Myingyan,Taungtha,MMR010018,2017-2018,Letyezin,3069,2657,85.74,227811
54,Mandalay,Myingyan,Natogyi,MMR010019,2017-2018,Letyezin,15979,14396,67.75,975399
55,Mandalay,Myingyan,Ngazun,MMR010021,2017-2018,Letyezin,5865,4740,82.78,392380
56,Mandalay,Nyaung_U,Nyaung_U,MMR010022,2017-2018,Letyezin,776,619,79.58,49263
57,Mandalay,Nyaung_U,Kyaukpadaung,MMR010020,2017-2018,Letyezin,20135,18196,66.22,1204977
58,Mandalay,Nyaung_U,Ngathayauk,MMR010022703,2017-2018,Letyezin,10,10,89.31,893
59,Mandalay,Yamethin,Yamethin,MMR010023,2017-2018,Letyezin,38749,38626,69.31,2677123
60,Mandalay,Yamethin,Pyawbwe,MMR010024,2017-2018,Letyezin,36135,34505,66.24,2285451
61,Mandalay,Mandalay,Aungmyaythazan,MMR010001,2017-2018,Ngasein,0,0,0,0
62,Mandalay,Mandalay,Chanayethazan,MMR010002,2017-2018,Ngasein,0,0,0,0
63,Mandalay,Mandalay,Mahaaungmyay,MMR010003,2017-2018,Ngasein,0,0,0,0
64,Mandalay,Mandalay,Chanmyaythazi,MMR010004,2017-2018,Ngasein,0,0,0,0
65,Mandalay,Mandalay,Pyigyitagon,MMR010005,2017-2018,Ngasein,0,0,0,0
66,Mandalay,Mandalay,Amarapura,MMR010006,2017-2018,Ngasein,0,0,0,0
67,Mandalay,Mandalay,Patheingyi,MMR010007,2017-2018,Ngasein,0,0,0,0
68,Mandalay,Pyinoolwin,Pyinoolwin,MMR010008,2017-2018,Ngasein,0,0,0,0
69,Mandalay,Pyinoolwin,Madaya,MMR010009,2017-2018,Ngasein,10708,10708,68.59,734410
70,Mandalay,Pyinoolwin,Singu,MMR010010,2017-2018,Ngasein,8644,8644,57.02,492881
71,Mandalay,Pyinoolwin,Mogoke,MMR010011,2017-2018,Ngasein,0,0,0,0
72,Mandalay,Pyinoolwin,Thabeikkyin,MMR010012,2017-2018,Ngasein,0,0,0,0
73,Mandalay,Pyinoolwin,Tatkaung,MMR010012702,2017-2018,Ngasein,0,0,0,0
74,Mandalay,Kyaukse,Kyaukse,MMR010013,2017-2018,Ngasein,0,0,0,0
75,Mandalay,Kyaukse,Sintgaing,MMR010014,2017-2018,Ngasein,0,0,0,0
76,Mandalay,Kyaukse,Myittha,MMR010015,2017-2018,Ngasein,0,0,0,0
77,Mandalay,Kyaukse,Tada_U,MMR010016,2017-2018,Ngasein,0,0,0,0
78,Mandalay,Meiktila,Meiktila,MMR010028,2017-2018,Ngasein,5210,5210,52.35,272746
79,Mandalay,Meiktila,Mahlaing,MMR010029,2017-2018,Ngasein,1922,1922,50.88,97790
80,Mandalay,Meiktila,Thazi,MMR010030,2017-2018,Ngasein,10685,10685,50.04,534678
81,Mandalay,Meiktila,Wundwin,MMR010031,2017-2018,Ngasein,11899,11899,33,392644
82,Mandalay,Myingyan,Myingyan,MMR010017,2017-2018,Ngasein,0,0,0,0
83,Mandalay,Myingyan,Taungtha,MMR010018,2017-2018,Ngasein,0,0,0,0
84,Mandalay,Myingyan,Natogyi,MMR010019,2017-2018,Ngasein,1622,1622,55.83,90561
85,Mandalay,Myingyan,Ngazun,MMR010021,2017-2018,Ngasein,0,0,0,0
86,Mandalay,Nyaung_U,Nyaung_U,MMR010022,2017-2018,Ngasein,0,0,0,0
87,Mandalay,Nyaung_U,Kyaukpadaung,MMR010020,2017-2018,Ngasein,0,0,0,0
88,Mandalay,Nyaung_U,Ngathayauk,MMR010022703,2017-2018,Ngasein,0,0,0,0
89,Mandalay,Yamethin,Yamethin,MMR010023,2017-2018,Ngasein,0,0,0,0
90,Mandalay,Yamethin,Pyawbwe,MMR010024,2017-2018,Ngasein,0,0,0,0
91,Mandalay,Mandalay,Aungmyaythazan,MMR010001,2017-2018,Glutinous,0,0,0,0
92,Mandalay,Mandalay,Chanayethazan,MMR010002,2017-2018,Glutinous,0,0,0,0
93,Mandalay,Mandalay,Mahaaungmyay,MMR010003,2017-2018,Glutinous,0,0,0,0
94,Mandalay,Mandalay,Chanmyaythazi,MMR010004,2017-2018,Glutinous,0,0,0,0
95,Mandalay,Mandalay,Pyigyitagon,MMR010005,2017-2018,Glutinous,0,0,0,0
96,Mandalay,Mandalay,Amarapura,MMR010006,2017-2018,Glutinous,0,0,0,0
97,Mandalay,Mandalay,Patheingyi,MMR010007,2017-2018,Glutinous,0,0,0,0
98,Mandalay,Pyinoolwin,Pyinoolwin,MMR010008,2017-2018,Glutinous,0,0,0,0
99,Mandalay,Pyinoolwin,Madaya,MMR010009,2017-2018,Glutinous,0,0,0,0
100,Mandalay,Pyinoolwin,Singu,MMR010010,2017-2018,Glutinous,25,25,69.4,1735
101,Mandalay,Pyinoolwin,Mogoke,MMR010011,2017-2018,Glutinous,0,0,0,0
102,Mandalay,Pyinoolwin,Thabeikkyin,MMR010012,2017-2018,Glutinous,0,0,0,0
103,Mandalay,Pyinoolwin,Tatkaung,MMR010012702,2017-2018,Glutinous,0,0,0,0
104,Mandalay,Kyaukse,Kyaukse,MMR010013,2017-2018,Glutinous,0,0,0,0
105,Mandalay,Kyaukse,Sintgaing,MMR010014,2017-2018,Glutinous,0,0,0,0
106,Mandalay,Kyaukse,Myittha,MMR010015,2017-2018,Glutinous,0,0,0,0
107,Mandalay,Kyaukse,Tada_U,MMR010016,2017-2018,Glutinous,0,0,0,0
108,Mandalay,Meiktila,Meiktila,MMR010028,2017-2018,Glutinous,0,0,0,0
109,Mandalay,Meiktila,Mahlaing,MMR010029,2017-2018,Glutinous,0,0,0,0
110,Mandalay,Meiktila,Thazi,MMR010030,2017-2018,Glutinous,0,0,0,0
111,Mandalay,Meiktila,Wundwin,MMR010031,2017-2018,Glutinous,0,0,0,0
112,Mandalay,Myingyan,Myingyan,MMR010017,2017-2018,Glutinous,0,0,0,0
113,Mandalay,Myingyan,Taungtha,MMR010018,2017-2018,Glutinous,0,0,0,0
114,Mandalay,Myingyan,Natogyi,MMR010019,2017-2018,Glutinous,0,0,0,0
115,Mandalay,Myingyan,Ngazun,MMR010021,2017-2018,Glutinous,0,0,0,0
116,Mandalay,Nyaung_U,Nyaung_U,MMR010022,2017-2018,Glutinous,0,0,0,0
117,Mandalay,Nyaung_U,Kyaukpadaung,MMR010020,2017-2018,Glutinous,0,0,0,0
118,Mandalay,Nyaung_U,Ngathayauk,MMR010022703,2017-2018,Glutinous,0,0,0,0
119,Mandalay,Yamethin,Yamethin,MMR010023,2017-2018,Glutinous,0,0,0,0
120,Mandalay,Yamethin,Pyawbwe,MMR010024,2017-2018,Glutinous,0,0,0,0
121,Mandalay,Mandalay,Aungmyaythazan,MMR010001,2017-2018,Taungyar,0,0,0,0
122,Mandalay,Mandalay,Chanayethazan,MMR010002,2017-2018,Taungyar,0,0,0,0
123,Mandalay,Mandalay,Mahaaungmyay,MMR010003,2017-2018,Taungyar,0,0,0,0
124,Mandalay,Mandalay,Chanmyaythazi,MMR010004,2017-2018,Taungyar,0,0,0,0
125,Mandalay,Mandalay,Pyigyitagon,MMR010005,2017-2018,Taungyar,0,0,0,0
126,Mandalay,Mandalay,Amarapura,MMR010006,2017-2018,Taungyar,0,0,0,0
127,Mandalay,Mandalay,Patheingyi,MMR010007,2017-2018,Taungyar,0,0,0,0
128,Mandalay,Pyinoolwin,Pyinoolwin,MMR010008,2017-2018,Taungyar,0,0,0,0
129,Mandalay,Pyinoolwin,Madaya,MMR010009,2017-2018,Taungyar,0,0,0,0
130,Mandalay,Pyinoolwin,Singu,MMR010010,2017-2018,Taungyar,0,0,0,0
131,Mandalay,Pyinoolwin,Mogoke,MMR010011,2017-2018,Taungyar,0,0,0,0
132,Mandalay,Pyinoolwin,Thabeikkyin,MMR010012,2017-2018,Taungyar,0,0,0,0
133,Mandalay,Pyinoolwin,Tatkaung,MMR010012702,2017-2018,Taungyar,0,0,0,0
134,Mandalay,Kyaukse,Kyaukse,MMR010013,2017-2018,Taungyar,0,0,0,0
135,Mandalay,Kyaukse,Sintgaing,MMR010014,2017-2018,Taungyar,0,0,0,0
136,Mandalay,Kyaukse,Myittha,MMR010015,2017-2018,Taungyar,0,0,0,0
137,Mandalay,Kyaukse,Tada_U,MMR010016,2017-2018,Taungyar,0,0,0,0
138,Mandalay,Meiktila,Meiktila,MMR010028,2017-2018,Taungyar,0,0,0,0
139,Mandalay,Meiktila,Mahlaing,MMR010029,2017-2018,Taungyar,0,0,0,0
140,Mandalay,Meiktila,Thazi,MMR010030,2017-2018,Taungyar,0,0,0,0
141,Mandalay,Meiktila,Wundwin,MMR010031,2017-2018,Taungyar,0,0,0,0
142,Mandalay,Myingyan,Myingyan,MMR010017,2017-2018,Taungyar,0,0,0,0
143,Mandalay,Myingyan,Taungtha,MMR010018,2017-2018,Taungyar,0,0,0,0
144,Mandalay,Myingyan,Natogyi,MMR010019,2017-2018,Taungyar,0,0,0,0
145,Mandalay,Myingyan,Ngazun,MMR010021,2017-2018,Taungyar,0,0,0,0
146,Mandalay,Nyaung_U,Nyaung_U,MMR010022,2017-2018,Taungyar,0,0,0,0
147,Mandalay,Nyaung_U,Kyaukpadaung,MMR010020,2017-2018,Taungyar,0,0,0,0
148,Mandalay,Nyaung_U,Ngathayauk,MMR010022703,2017-2018,Taungyar,0,0,0,0
149,Mandalay,Yamethin,Yamethin,MMR010023,2017-2018,Taungyar,655,655,56.23,36833
150,Mandalay,Yamethin,Pyawbwe,MMR010024,2017-2018,Taungyar,0,0,0,0
151,Mandalay,Mandalay,Aungmyethazan,MMR010001,2015-2016,Emahta,45,22,108.14,2379
152,Mandalay,Mandalay,Chanayethazan,MMR010002,2015-2016,Emahta,0,0,0,0
153,Mandalay,Mandalay,Mahaaungmye,MMR010003,2015-2016,Emahta,0,0,0,0
154,Mandalay,Mandalay,Chanmyathazi,MMR010004,2015-2016,Emahta,0,0,0,0
155,Mandalay,Mandalay,Pyigyidagon,MMR010005,2015-2016,Emahta,34,4,77.25,309
156,Mandalay,Mandalay,Amarapura,MMR010006,2015-2016,Emahta,17763,11608,93.02,1079756
157,Mandalay,Mandalay,Patheingyi,MMR010007,2015-2016,Emahta,42394,22766,95.51,2174398
158,Mandalay,Pyinoolwin,Pyinoolwin,MMR010008,2015-2016,Emahta,7469,7469,71.83,536474
159,Mandalay,Pyinoolwin,Madaya,MMR010009,2016-2017,Emahta,80183,44336,80.66,3575938
160,Mandalay,Pyinoolwin,Singu,MMR010010,2016-2017,Emahta,3124,1624,74.83,121526
161,Mandalay,Pyinoolwin,Mogok,MMR010011,2016-2017,Emahta,0,0,0,0
162,Mandalay,Pyinoolwin,Thabeikkyin,MMR010012,2016-2017,Emahta,1508,1265,79.69,100803
163,Mandalay,Pyinoolwin,Takaung,MMR010012702,2016-2017,Emahta,406,406,62.99,25573
164,Mandalay,Kyaukse,Kyaukse,MMR010013,2016-2017,Emahta,41828,38913,91.18,3548191
165,Mandalay,Kyaukse,Sintgaing,MMR010014,2016-2017,Emahta,24122,24020,95.21,2286944
166,Mandalay,Kyaukse,Myittha,MMR010015,2016-2017,Emahta,40551,38623,95.39,3684059
167,Mandalay,Kyaukse,Tada-U,MMR010016,2016-2017,Emahta,5935,5690,96.08,546684
168,Mandalay,Meiktila,Meiktila,MMR010028,2016-2017,Emahta,2598,2226,75.57,168220
169,Mandalay,Meiktila,Mahlaing,MMR010029,2016-2017,Emahta,2570,2461,61.66,151735
170,Mandalay,Meiktila,Thazi,MMR010030,2016-2017,Emahta,5968,4337,67.4,292305
171,Mandalay,Meiktila,Wundwin,MMR010031,2016-2017,Emahta,3398,1388,70.96,98491
172,Mandalay,Myingyan,Myingyan,MMR010017,2016-2017,Emahta,3190,2122,82.1,174214
173,Mandalay,Myingyan,Taungtha,MMR010018,2016-2017,Emahta,2415,2182,91.93,200592
174,Mandalay,Myingyan,Natogyi,MMR010019,2016-2017,Emahta,63,5,136.6,683
175,Mandalay,Myingyan,Ngazun,MMR010021,2016-2017,Emahta,290,235,107.25,25204
176,Mandalay,Nyaung-U,Nyaung-U,MMR010022,2016-2017,Emahta,1554,1282,85.6,109741
177,Mandalay,Nyaung-U,Kyaukpadaung,MMR010020,2016-2017,Emahta,1979,1696,43.68,74087
178,Mandalay,Nyaung-U,Ngathayauk,MMR010022703,2016-2017,Emahta,0,0,0,0
179,Mandalay,Yamethin,Yamethin,MMR010023,2016-2017,Emahta,13640,10616,65.44,694689
180,Mandalay,Yamethin,Pyawbwe,MMR010024,2016-2017,Emahta,4000,2879,73.69,212160
181,Mandalay,Mandalay,Aungmyethazan,MMR010001,2016-2017,Letyezin,5,5,89.8,449
182,Mandalay,Mandalay,Chanayethazan,MMR010002,2016-2017,Letyezin,0,0,0,0
183,Mandalay,Mandalay,Mahaaungmye,MMR010003,2016-2017,Letyezin,0,0,0,0
184,Mandalay,Mandalay,Chanmyathazi,MMR010004,2016-2017,Letyezin,0,0,0,0
185,Mandalay,Mandalay,Pyigyidagon,MMR010005,2016-2017,Letyezin,58,0,0,0
186,Mandalay,Mandalay,Amarapura,MMR010006,2016-2017,Letyezin,909,42,93.55,3929
187,Mandalay,Mandalay,Patheingyi,MMR010007,2016-2017,Letyezin,2174,1797,95.5,171614
188,Mandalay,Pyinoolwin,Pyinoolwin,MMR010008,2016-2017,Letyezin,0,0,0,0
189,Mandalay,Pyinoolwin,Madaya,MMR010009,2016-2017,Letyezin,11181,3526,96.92,341754
190,Mandalay,Pyinoolwin,Singu,MMR010010,2016-2017,Letyezin,18759,13537,84.23,1140226
191,Mandalay,Pyinoolwin,Mogok,MMR010011,2016-2017,Letyezin,0,0,0,0
192,Mandalay,Pyinoolwin,Thabeikkyin,MMR010012,2016-2017,Letyezin,5516,4400,80.74,355256
193,Mandalay,Pyinoolwin,Takaung,MMR010012702,2016-2017,Letyezin,2808,2762,71.84,198422
194,Mandalay,Kyaukse,Kyaukse,MMR010013,2016-2017,Letyezin,19472,14744,101.76,1500396
195,Mandalay,Kyaukse,Sintgaing,MMR010014,2016-2017,Letyezin,6205,3789,97.53,369526
196,Mandalay,Kyaukse,Myittha,MMR010015,2016-2017,Letyezin,22574,21196,103.75,2199140
197,Mandalay,Kyaukse,Tada-U,MMR010016,2016-2017,Letyezin,7471,7421,93.73,695583
198,Mandalay,Meiktila,Meiktila,MMR010028,2016-2017,Letyezin,7188,6012,68.03,409016
199,Mandalay,Meiktila,Mahlaing,MMR010029,2016-2017,Letyezin,2318,2271,58.08,131894
200,Mandalay,Meiktila,Thazi,MMR010030,2016-2017,Letyezin,26669,26506,64.2,1701647
201,Mandalay,Meiktila,Wundwin,MMR010031,2016-2017,Letyezin,48855,48533,76.86,3730358
202,Mandalay,Myingyan,Myingyan,MMR010017,2016-2017,Letyezin,2019,1307,77.38,101141
203,Mandalay,Myingyan,Taungtha,MMR010018,2016-2017,Letyezin,2340,2076,80.5,167117
204,Mandalay,Myingyan,Natogyi,MMR010019,2016-2017,Letyezin,11587,10685,65.82,703258
205,Mandalay,Myingyan,Ngazun,MMR010021,2016-2017,Letyezin,6494,5160,81.55,420801
206,Mandalay,Nyaung-U,Nyaung-U,MMR010022,2016-2017,Letyezin,924,759,78,59200
207,Mandalay,Nyaung-U,Kyaukpadaung,MMR010020,2016-2017,Letyezin,17760,15746,70.15,1104658
208,Mandalay,Nyaung-U,Ngathayauk,MMR010022703,2016-2017,Letyezin,10,10,89.7,897
209,Mandalay,Yamethin,Yamethin,MMR010023,2016-2017,Letyezin,36307,36216,70.18,2541520
210,Mandalay,Yamethin,Pyawbwe,MMR010024,2016-2017,Letyezin,29645,28485,67.79,1930860
211,Mandalay,Mandalay,Aungmyethazan,MMR010001,2016-2017,Ngasein,0,0,0,0
212,Mandalay,Mandalay,Chanayethazan,MMR010002,2016-2017,Ngasein,0,0,0,0
213,Mandalay,Mandalay,Mahaaungmye,MMR010003,2016-2017,Ngasein,0,0,0,0
214,Mandalay,Mandalay,Chanmyathazi,MMR010004,2016-2017,Ngasein,0,0,0,0
215,Mandalay,Mandalay,Pyigyidagon,MMR010005,2016-2017,Ngasein,0,0,0,0
216,Mandalay,Mandalay,Amarapura,MMR010006,2016-2017,Ngasein,0,0,0,0
217,Mandalay,Mandalay,Patheingyi,MMR010007,2016-2017,Ngasein,0,0,0,0
218,Mandalay,Pyinoolwin,Pyinoolwin,MMR010008,2016-2017,Ngasein,0,0,0,0
219,Mandalay,Pyinoolwin,Madaya,MMR010009,2016-2017,Ngasein,10708,10708,115.54,1237200
220,Mandalay,Pyinoolwin,Singu,MMR010010,2016-2017,Ngasein,8644,8644,56.99,492622
221,Mandalay,Pyinoolwin,Mogok,MMR010011,2016-2017,Ngasein,0,0,0,0
222,Mandalay,Pyinoolwin,Thabeikkyin,MMR010012,2016-2017,Ngasein,0,0,0,0
223,Mandalay,Pyinoolwin,Takaung,MMR010012702,2016-2017,Ngasein,0,0,0,0
224,Mandalay,Kyaukse,Kyaukse,MMR010013,2016-2017,Ngasein,0,0,0,0
225,Mandalay,Kyaukse,Sintgaing,MMR010014,2016-2017,Ngasein,0,0,0,0
226,Mandalay,Kyaukse,Myittha,MMR010015,2016-2017,Ngasein,0,0,0,0
227,Mandalay,Kyaukse,Tada-U,MMR010016,2016-2017,Ngasein,0,0,0,0
228,Mandalay,Meiktila,Meiktila,MMR010028,2016-2017,Ngasein,4872,4823,52.97,255454
229,Mandalay,Meiktila,Mahlaing,MMR010029,2016-2017,Ngasein,1297,1297,51.07,66234
230,Mandalay,Meiktila,Thazi,MMR010030,2016-2017,Ngasein,10632,10632,60.48,643033
231,Mandalay,Meiktila,Wundwin,MMR010031,2016-2017,Ngasein,9157,9157,42.11,385601
232,Mandalay,Myingyan,Myingyan,MMR010017,2016-2017,Ngasein,0,0,0,0
233,Mandalay,Myingyan,Taungtha,MMR010018,2016-2017,Ngasein,0,0,0,0
234,Mandalay,Myingyan,Natogyi,MMR010019,2016-2017,Ngasein,1661,1661,62.66,104076
235,Mandalay,Myingyan,Ngazun,MMR010021,2016-2017,Ngasein,0,0,0,0
236,Mandalay,Nyaung-U,Nyaung-U,MMR010022,2016-2017,Ngasein,0,0,0,0
237,Mandalay,Nyaung-U,Kyaukpadaung,MMR010020,2016-2017,Ngasein,0,0,0,0
238,Mandalay,Nyaung-U,Ngathayauk,MMR010022703,2016-2017,Ngasein,0,0,0,0
239,Mandalay,Yamethin,Yamethin,MMR010023,2016-2017,Ngasein,0,0,0,0
240,Mandalay,Yamethin,Pyawbwe,MMR010024,2016-2017,Ngasein,0,0,0,0
241,Mandalay,Mandalay,Aungmyethazan,MMR010001,2016-2017,Glutinous,0,0,0,0
242,Mandalay,Mandalay,Chanayethazan,MMR010002,2016-2017,Glutinous,0,0,0,0
243,Mandalay,Mandalay,Mahaaungmye,MMR010003,2016-2017,Glutinous,0,0,0,0
244,Mandalay,Mandalay,Chanmyathazi,MMR010004,2016-2017,Glutinous,0,0,0,0
245,Mandalay,Mandalay,Pyigyidagon,MMR010005,2016-2017,Glutinous,0,0,0,0
246,Mandalay,Mandalay,Amarapura,MMR010006,2016-2017,Glutinous,0,0,0,0
247,Mandalay,Mandalay,Patheingyi,MMR010007,2016-2017,Glutinous,0,0,0,0
248,Mandalay,Pyinoolwin,Pyinoolwin,MMR010008,2016-2017,Glutinous,0,0,0,0
249,Mandalay,Pyinoolwin,Madaya,MMR010009,2016-2017,Glutinous,0,0,0,0
250,Mandalay,Pyinoolwin,Singu,MMR010010,2016-2017,Glutinous,98,98,69.38,6799
251,Mandalay,Pyinoolwin,Mogok,MMR010011,2016-2017,Glutinous,0,0,0,0
252,Mandalay,Pyinoolwin,Thabeikkyin,MMR010012,2016-2017,Glutinous,0,0,0,0
253,Mandalay,Pyinoolwin,Takaung,MMR010012702,2016-2017,Glutinous,0,0,0,0
254,Mandalay,Kyaukse,Kyaukse,MMR010013,2016-2017,Glutinous,0,0,0,0
255,Mandalay,Kyaukse,Sintgaing,MMR010014,2016-2017,Glutinous,0,0,0,0
256,Mandalay,Kyaukse,Myittha,MMR010015,2016-2017,Glutinous,0,0,0,0
257,Mandalay,Kyaukse,Tada-U,MMR010016,2016-2017,Glutinous,0,0,0,0
258,Mandalay,Meiktila,Meiktila,MMR010028,2016-2017,Glutinous,0,0,0,0
259,Mandalay,Meiktila,Mahlaing,MMR010029,2016-2017,Glutinous,0,0,0,0
260,Mandalay,Meiktila,Thazi,MMR010030,2016-2017,Glutinous,0,0,0,0
261,Mandalay,Meiktila,Wundwin,MMR010031,2016-2017,Glutinous,0,0,0,0
262,Mandalay,Myingyan,Myingyan,MMR010017,2016-2017,Glutinous,0,0,0,0
263,Mandalay,Myingyan,Taungtha,MMR010018,2016-2017,Glutinous,0,0,0,0
264,Mandalay,Myingyan,Natogyi,MMR010019,2016-2017,Glutinous,0,0,0,0
265,Mandalay,Myingyan,Ngazun,MMR010021,2016-2017,Glutinous,0,0,0,0
266,Mandalay,Nyaung-U,Nyaung-U,MMR010022,2016-2017,Glutinous,0,0,0,0
267,Mandalay,Nyaung-U,Kyaukpadaung,MMR010020,2016-2017,Glutinous,0,0,0,0
268,Mandalay,Nyaung-U,Ngathayauk,MMR010022703,2016-2017,Glutinous,0,0,0,0
269,Mandalay,Yamethin,Yamethin,MMR010023,2016-2017,Glutinous,0,0,0,0
270,Mandalay,Yamethin,Pyawbwe,MMR010024,2016-2017,Glutinous,0,0,0,0
271,Mandalay,Mandalay,Aungmyethazan,MMR010001,2016-2017,Taungyar,0,0,0,0
272,Mandalay,Mandalay,Chanayethazan,MMR010002,2016-2017,Taungyar,0,0,0,0
273,Mandalay,Mandalay,Mahaaungmye,MMR010003,2016-2017,Taungyar,0,0,0,0
274,Mandalay,Mandalay,Chanmyathazi,MMR010004,2016-2017,Taungyar,0,0,0,0
275,Mandalay,Mandalay,Pyigyidagon,MMR010005,2016-2017,Taungyar,0,0,0,0
276,Mandalay,Mandalay,Amarapura,MMR010006,2016-2017,Taungyar,0,0,0,0
277,Mandalay,Mandalay,Patheingyi,MMR010007,2016-2017,Taungyar,0,0,0,0
278,Mandalay,Pyinoolwin,Pyinoolwin,MMR010008,2016-2017,Taungyar,0,0,0,0
279,Mandalay,Pyinoolwin,Madaya,MMR010009,2016-2017,Taungyar,0,0,0,0
280,Mandalay,Pyinoolwin,Singu,MMR010010,2016-2017,Taungyar,0,0,0,0
281,Mandalay,Pyinoolwin,Mogok,MMR010011,2016-2017,Taungyar,0,0,0,0
282,Mandalay,Pyinoolwin,Thabeikkyin,MMR010012,2016-2017,Taungyar,0,0,0,0
283,Mandalay,Pyinoolwin,Takaung,MMR010012702,2016-2017,Taungyar,0,0,0,0
284,Mandalay,Kyaukse,Kyaukse,MMR010013,2016-2017,Taungyar,0,0,0,0
285,Mandalay,Kyaukse,Sintgaing,MMR010014,2016-2017,Taungyar,0,0,0,0
286,Mandalay,Kyaukse,Myittha,MMR010015,2016-2017,Taungyar,0,0,0,0
287,Mandalay,Kyaukse,Tada-U,MMR010016,2016-2017,Taungyar,0,0,0,0
288,Mandalay,Meiktila,Meiktila,MMR010028,2016-2017,Taungyar,0,0,0,0
289,Mandalay,Meiktila,Mahlaing,MMR010029,2016-2017,Taungyar,0,0,0,0
290,Mandalay,Meiktila,Thazi,MMR010030,2016-2017,Taungyar,0,0,0,0
291,Mandalay,Meiktila,Wundwin,MMR010031,2016-2017,Taungyar,0,0,0,0
292,Mandalay,Myingyan,Myingyan,MMR010017,2016-2017,Taungyar,0,0,0,0
293,Mandalay,Myingyan,Taungtha,MMR010018,2016-2017,Taungyar,0,0,0,0
294,Mandalay,Myingyan,Natogyi,MMR010019,2016-2017,Taungyar,0,0,0,0
295,Mandalay,Myingyan,Ngazun,MMR010021,2016-2017,Taungyar,0,0,0,0
296,Mandalay,Nyaung-U,Nyaung-U,MMR010022,2016-2017,Taungyar,0,0,0,0
297,Mandalay,Nyaung-U,Kyaukpadaung,MMR010020,2016-2017,Taungyar,0,0,0,0
298,Mandalay,Nyaung-U,Ngathayauk,MMR010022703,2016-2017,Taungyar,0,0,0,0
299,Mandalay,Yamethin,Yamethin,MMR010023,2016-2017,Taungyar,655,655,55.55,36385
300,Mandalay,Yamethin,Pyawbwe,MMR010024,2016-2017,Taungyar,0,0,0,0
301,Mandalay,Mandalay,Aungmyethazan,MMR010001,2015-2016,Emahta,31,16,114.75,1836
302,Mandalay,Mandalay,Chanayethazan,MMR010002,2015-2016,Emahta,0,0,0,0
303,Mandalay,Mandalay,Mahaaungmye,MMR010003,2015-2016,Emahta,0,0,0,0
304,Mandalay,Mandalay,Chanmyathazi,MMR010004,2015-2016,Emahta,0,0,0,0
305,Mandalay,Mandalay,Pyigyidagon,MMR010005,2015-2016,Emahta,29,4,104.25,417
306,Mandalay,Mandalay,Amarapura,MMR010006,2015-2016,Emahta,17614,11842,92.3,1092995
307,Mandalay,Mandalay,Patheingyi,MMR010007,2015-2016,Emahta,38430,21260,95.21,2024153
308,Mandalay,Pyinoolwin,Pyinoolwin,MMR010008,2015-2016,Emahta,7469,7469,71.74,535814
309,Mandalay,Pyinoolwin,Madaya,MMR010009,2015-2016,Emahta,63260,34422,98.09,3376463
310,Mandalay,Pyinoolwin,Singu,MMR010010,2015-2016,Emahta,2098,1513,87.01,131652
311,Mandalay,Pyinoolwin,Mogok,MMR010011,2015-2016,Emahta,3408,3399,73.44,249611
312,Mandalay,Pyinoolwin,Thabeikkyin,MMR010012,2015-2016,Emahta,2286,2136,74.47,159070
313,Mandalay,Pyinoolwin,Takaung,MMR010012702,2015-2016,Emahta,532,523,62.97,32931
314,Mandalay,Kyaukse,Kyaukse,MMR010013,2015-2016,Emahta,43611,42615,91.97,3919302
315,Mandalay,Kyaukse,Sintgaing,MMR010014,2015-2016,Emahta,21342,20511,92.93,1906087
316,Mandalay,Kyaukse,Myittha,MMR010015,2015-2016,Emahta,30575,30020,98.48,2956314
317,Mandalay,Kyaukse,Tada-U,MMR010016,2015-2016,Emahta,6195,5870,92.52,543092
318,Mandalay,Meiktila,Meiktila,MMR010028,2015-2016,Emahta,1735,1735,82.46,143075
319,Mandalay,Meiktila,Mahlaing,MMR010029,2015-2016,Emahta,2241,2241,63.63,142598
320,Mandalay,Meiktila,Thazi,MMR010030,2015-2016,Emahta,2279,2277,69.5,158244
321,Mandalay,Meiktila,Wundwin,MMR010031,2015-2016,Emahta,8954,5618,76.55,430045
322,Mandalay,Myingyan,Myingyan,MMR010017,2015-2016,Emahta,3326,2222,88.97,197698
323,Mandalay,Myingyan,Taungtha,MMR010018,2015-2016,Emahta,3017,2644,95.63,252850
324,Mandalay,Myingyan,Natogyi,MMR010019,2015-2016,Emahta,314,262,101.1,26488
325,Mandalay,Myingyan,Ngazun,MMR010021,2015-2016,Emahta,635,381,124.92,47595
326,Mandalay,Nyaung-U,Nyaung-U,MMR010022,2015-2016,Emahta,1767,1767,66.51,117532
327,Mandalay,Nyaung-U,Kyaukpadaung,MMR010020,2015-2016,Emahta,2357,1904,77.9,148329
328,Mandalay,Nyaung-U,Ngathayauk,MMR010022703,2015-2016,Emahta,5,5,131.6,658
329,Mandalay,Yamethin,Yamethin,MMR010023,2015-2016,Emahta,9392,9061,60.39,547190
330,Mandalay,Yamethin,Pyawbwe,MMR010024,2015-2016,Emahta,2537,2437,88,214444
331,Mandalay,Mandalay,Aungmyethazan,MMR010001,2015-2016,Letyezin,13,11,86.45,951
332,Mandalay,Mandalay,Chanayethazan,MMR010002,2015-2016,Letyezin,0,0,0,0
333,Mandalay,Mandalay,Mahaaungmye,MMR010003,2015-2016,Letyezin,0,0,0,0
334,Mandalay,Mandalay,Chanmyathazi,MMR010004,2015-2016,Letyezin,0,0,0,0
335,Mandalay,Mandalay,Pyigyidagon,MMR010005,2015-2016,Letyezin,66,0,0,0
336,Mandalay,Mandalay,Amarapura,MMR010006,2015-2016,Letyezin,907,45,95.51,4253
337,Mandalay,Mandalay,Patheingyi,MMR010007,2015-2016,Letyezin,4376,3745,95.48,357573
338,Mandalay,Pyinoolwin,Pyinoolwin,MMR010008,2015-2016,Letyezin,0,0,0,0
339,Mandalay,Pyinoolwin,Madaya,MMR010009,2015-2016,Letyezin,20537,10037,94.97,953220
340,Mandalay,Pyinoolwin,Singu,MMR010010,2015-2016,Letyezin,18916,13421,82.63,1108988
341,Mandalay,Pyinoolwin,Mogok,MMR010011,2015-2016,Letyezin,0,0,0,0
342,Mandalay,Pyinoolwin,Thabeikkyin,MMR010012,2015-2016,Letyezin,4543,3528,83.23,293623
343,Mandalay,Pyinoolwin,Takaung,MMR010012702,2015-2016,Letyezin,2269,2244,71.47,160379
344,Mandalay,Kyaukse,Kyaukse,MMR010013,2015-2016,Letyezin,10337,10337,106.53,1101208
345,Mandalay,Kyaukse,Sintgaing,MMR010014,2015-2016,Letyezin,9374,9314,96.74,901009
346,Mandalay,Kyaukse,Myittha,MMR010015,2015-2016,Letyezin,17501,17419,102.68,1788535
347,Mandalay,Kyaukse,Tada-U,MMR010016,2015-2016,Letyezin,4787,4787,96.71,462928
348,Mandalay,Meiktila,Meiktila,MMR010028,2015-2016,Letyezin,3446,3446,68.68,236660
349,Mandalay,Meiktila,Mahlaing,MMR010029,2015-2016,Letyezin,1986,1986,58.29,115768
350,Mandalay,Meiktila,Thazi,MMR010030,2015-2016,Letyezin,14515,14515,64.58,937401
351,Mandalay,Meiktila,Wundwin,MMR010031,2015-2016,Letyezin,39887,39887,70.33,2805150
352,Mandalay,Myingyan,Myingyan,MMR010017,2015-2016,Letyezin,1641,1399,76.05,106394
353,Mandalay,Myingyan,Taungtha,MMR010018,2015-2016,Letyezin,2000,1924,78.3,150649
354,Mandalay,Myingyan,Natogyi,MMR010019,2015-2016,Letyezin,4183,4183,62.46,261279
355,Mandalay,Myingyan,Ngazun,MMR010021,2015-2016,Letyezin,5023,4121,79.96,329510
356,Mandalay,Nyaung-U,Nyaung-U,MMR010022,2015-2016,Letyezin,698,676,70.08,47376
357,Mandalay,Nyaung-U,Kyaukpadaung,MMR010020,2015-2016,Letyezin,14752,13836,64.51,892592
358,Mandalay,Nyaung-U,Ngathayauk,MMR010022703,2015-2016,Letyezin,5,5,66,330
359,Mandalay,Yamethin,Yamethin,MMR010023,2015-2016,Letyezin,29169,29169,64.97,1895022
360,Mandalay,Yamethin,Pyawbwe,MMR010024,2015-2016,Letyezin,16119,16119,53.99,870289
361,Mandalay,Mandalay,Aungmyethazan,MMR010001,2015-2016,Ngasein,0,0,0,0
362,Mandalay,Mandalay,Chanayethazan,MMR010002,2015-2016,Ngasein,0,0,0,0
363,Mandalay,Mandalay,Mahaaungmye,MMR010003,2015-2016,Ngasein,0,0,0,0
364,Mandalay,Mandalay,Chanmyathazi,MMR010004,2015-2016,Ngasein,0,0,0,0
365,Mandalay,Mandalay,Pyigyidagon,MMR010005,2015-2016,Ngasein,0,0,0,0
366,Mandalay,Mandalay,Amarapura,MMR010006,2015-2016,Ngasein,0,0,0,0
367,Mandalay,Mandalay,Patheingyi,MMR010007,2015-2016,Ngasein,0,0,0,0
368,Mandalay,Pyinoolwin,Pyinoolwin,MMR010008,2015-2016,Ngasein,0,0,0,0
369,Mandalay,Pyinoolwin,Madaya,MMR010009,2015-2016,Ngasein,10708,10708,69.53,744578
370,Mandalay,Pyinoolwin,Singu,MMR010010,2015-2016,Ngasein,8644,8644,56.71,490203
371,Mandalay,Pyinoolwin,Mogok,MMR010011,2015-2016,Ngasein,0,0,0,0
372,Mandalay,Pyinoolwin,Thabeikkyin,MMR010012,2015-2016,Ngasein,0,0,0,0
373,Mandalay,Pyinoolwin,Takaung,MMR010012702,2015-2016,Ngasein,0,0,0,0
374,Mandalay,Kyaukse,Kyaukse,MMR010013,2015-2016,Ngasein,4670,4670,47.39,221315
375,Mandalay,Kyaukse,Sintgaing,MMR010014,2015-2016,Ngasein,1656,1656,49.46,81912
376,Mandalay,Kyaukse,Myittha,MMR010015,2015-2016,Ngasein,6802,6802,55.82,379688
377,Mandalay,Kyaukse,Tada-U,MMR010016,2015-2016,Ngasein,6262,6262,42.97,269051
378,Mandalay,Meiktila,Meiktila,MMR010028,2015-2016,Ngasein,0,0,0,0
379,Mandalay,Meiktila,Mahlaing,MMR010029,2015-2016,Ngasein,0,0,0,0
380,Mandalay,Meiktila,Thazi,MMR010030,2015-2016,Ngasein,0,0,0,0
381,Mandalay,Meiktila,Wundwin,MMR010031,2015-2016,Ngasein,0,0,0,0
382,Mandalay,Myingyan,Myingyan,MMR010017,2015-2016,Ngasein,80,0,0,0
383,Mandalay,Myingyan,Taungtha,MMR010018,2015-2016,Ngasein,12,0,0,0
384,Mandalay,Myingyan,Natogyi,MMR010019,2015-2016,Ngasein,998,998,61.78,61657
385,Mandalay,Myingyan,Ngazun,MMR010021,2015-2016,Ngasein,0,0,0,0
386,Mandalay,Nyaung-U,Nyaung-U,MMR010022,2015-2016,Ngasein,0,0,0,0
387,Mandalay,Nyaung-U,Kyaukpadaung,MMR010020,2015-2016,Ngasein,0,0,0,0
388,Mandalay,Nyaung-U,Ngathayauk,MMR010022703,2015-2016,Ngasein,0,0,0,0
389,Mandalay,Yamethin,Yamethin,MMR010023,2015-2016,Ngasein,0,0,0,0
390,Mandalay,Yamethin,Pyawbwe,MMR010024,2015-2016,Ngasein,0,0,0,0
391,Mandalay,Mandalay,Aungmyethazan,MMR010001,2015-2016,Glutinous,0,0,0,0
392,Mandalay,Mandalay,Chanayethazan,MMR010002,2015-2016,Glutinous,0,0,0,0
393,Mandalay,Mandalay,Mahaaungmye,MMR010003,2015-2016,Glutinous,0,0,0,0
394,Mandalay,Mandalay,Chanmyathazi,MMR010004,2015-2016,Glutinous,0,0,0,0
395,Mandalay,Mandalay,Pyigyidagon,MMR010005,2015-2016,Glutinous,0,0,0,0
396,Mandalay,Mandalay,Amarapura,MMR010006,2015-2016,Glutinous,0,0,0,0
397,Mandalay,Mandalay,Patheingyi,MMR010007,2015-2016,Glutinous,0,0,0,0
398,Mandalay,Pyinoolwin,Pyinoolwin,MMR010008,2015-2016,Glutinous,0,0,0,0
399,Mandalay,Pyinoolwin,Madaya,MMR010009,2015-2016,Glutinous,0,0,0,0
400,Mandalay,Pyinoolwin,Singu,MMR010010,2015-2016,Glutinous,95,95,68.62,6519
401,Mandalay,Pyinoolwin,Mogok,MMR010011,2015-2016,Glutinous,0,0,0,0
402,Mandalay,Pyinoolwin,Thabeikkyin,MMR010012,2015-2016,Glutinous,0,0,0,0
403,Mandalay,Pyinoolwin,Takaung,MMR010012702,2015-2016,Glutinous,0,0,0,0
404,Mandalay,Kyaukse,Kyaukse,MMR010013,2015-2016,Glutinous,0,0,0,0
405,Mandalay,Kyaukse,Sintgaing,MMR010014,2015-2016,Glutinous,0,0,0,0
406,Mandalay,Kyaukse,Myittha,MMR010015,2015-2016,Glutinous,0,0,0,0
407,Mandalay,Kyaukse,Tada-U,MMR010016,2015-2016,Glutinous,0,0,0,0
408,Mandalay,Meiktila,Meiktila,MMR010028,2015-2016,Glutinous,0,0,0,0
409,Mandalay,Meiktila,Mahlaing,MMR010029,2015-2016,Glutinous,0,0,0,0
410,Mandalay,Meiktila,Thazi,MMR010030,2015-2016,Glutinous,0,0,0,0
411,Mandalay,Meiktila,Wundwin,MMR010031,2015-2016,Glutinous,0,0,0,0
412,Mandalay,Myingyan,Myingyan,MMR010017,2015-2016,Glutinous,0,0,0,0
413,Mandalay,Myingyan,Taungtha,MMR010018,2015-2016,Glutinous,0,0,0,0
414,Mandalay,Myingyan,Natogyi,MMR010019,2015-2016,Glutinous,0,0,0,0
415,Mandalay,Myingyan,Ngazun,MMR010021,2015-2016,Glutinous,0,0,0,0
416,Mandalay,Nyaung-U,Nyaung-U,MMR010022,2015-2016,Glutinous,0,0,0,0
417,Mandalay,Nyaung-U,Kyaukpadaung,MMR010020,2015-2016,Glutinous,0,0,0,0
418,Mandalay,Nyaung-U,Ngathayauk,MMR010022703,2015-2016,Glutinous,0,0,0,0
419,Mandalay,Yamethin,Yamethin,MMR010023,2015-2016,Glutinous,0,0,0,0
420,Mandalay,Yamethin,Pyawbwe,MMR010024,2015-2016,Glutinous,0,0,0,0
421,Mandalay,Mandalay,Aungmyethazan,MMR010001,2015-2016,Taungyar,0,0,0,0
422,Mandalay,Mandalay,Chanayethazan,MMR010002,2015-2016,Taungyar,0,0,0,0
423,Mandalay,Mandalay,Mahaaungmye,MMR010003,2015-2016,Taungyar,0,0,0,0
424,Mandalay,Mandalay,Chanmyathazi,MMR010004,2015-2016,Taungyar,0,0,0,0
425,Mandalay,Mandalay,Pyigyidagon,MMR010005,2015-2016,Taungyar,0,0,0,0
426,Mandalay,Mandalay,Amarapura,MMR010006,2015-2016,Taungyar,0,0,0,0
427,Mandalay,Mandalay,Patheingyi,MMR010007,2015-2016,Taungyar,0,0,0,0
428,Mandalay,Pyinoolwin,Pyinoolwin,MMR010008,2015-2016,Taungyar,0,0,0,0
429,Mandalay,Pyinoolwin,Madaya,MMR010009,2015-2016,Taungyar,0,0,0,0
430,Mandalay,Pyinoolwin,Singu,MMR010010,2015-2016,Taungyar,0,0,0,0
431,Mandalay,Pyinoolwin,Mogok,MMR010011,2015-2016,Taungyar,0,0,0,0
432,Mandalay,Pyinoolwin,Thabeikkyin,MMR010012,2015-2016,Taungyar,0,0,0,0
433,Mandalay,Pyinoolwin,Takaung,MMR010012702,2015-2016,Taungyar,0,0,0,0
434,Mandalay,Kyaukse,Kyaukse,MMR010013,2015-2016,Taungyar,0,0,0,0
435,Mandalay,Kyaukse,Sintgaing,MMR010014,2015-2016,Taungyar,0,0,0,0
436,Mandalay,Kyaukse,Myittha,MMR010015,2015-2016,Taungyar,0,0,0,0
437,Mandalay,Kyaukse,Tada-U,MMR010016,2015-2016,Taungyar,0,0,0,0
438,Mandalay,Meiktila,Meiktila,MMR010028,2015-2016,Taungyar,0,0,0,0
439,Mandalay,Meiktila,Mahlaing,MMR010029,2015-2016,Taungyar,0,0,0,0
440,Mandalay,Meiktila,Thazi,MMR010030,2015-2016,Taungyar,0,0,0,0
441,Mandalay,Meiktila,Wundwin,MMR010031,2015-2016,Taungyar,0,0,0,0
442,Mandalay,Myingyan,Myingyan,MMR010017,2015-2016,Taungyar,0,0,0,0
443,Mandalay,Myingyan,Taungtha,MMR010018,2015-2016,Taungyar,0,0,0,0
444,Mandalay,Myingyan,Natogyi,MMR010019,2015-2016,Taungyar,0,0,0,0
445,Mandalay,Myingyan,Ngazun,MMR010021,2015-2016,Taungyar,0,0,0,0
446,Mandalay,Nyaung-U,Nyaung-U,MMR010022,2015-2016,Taungyar,0,0,0,0
447,Mandalay,Nyaung-U,Kyaukpadaung,MMR010020,2015-2016,Taungyar,0,0,0,0
448,Mandalay,Nyaung-U,Ngathayauk,MMR010022703,2015-2016,Taungyar,0,0,0,0
449,Mandalay,Yamethin,Yamethin,MMR010023,2015-2016,Taungyar,615,615,55.54,34157
450,Mandalay,Yamethin,Pyawbwe,MMR010024,2015-2016,Taungyar,0,0,0,0
451,Mandalay,Mandalay,Aungmyethazan,MMR010001,2014-2015,Emahta,39,23,104.39,2401
452,Mandalay,Mandalay,Chanayethazan,MMR010002,2014-2015,Emahta,0,0,0,0
453,Mandalay,Mandalay,Mahaaungmye,MMR010003,2014-2015,Emahta,0,0,0,0
454,Mandalay,Mandalay,Chanmyathazi,MMR010004,2014-2015,Emahta,0,0,0,0
455,Mandalay,Mandalay,Pyigidagon,MMR010005,2014-2015,Emahta,16,0,0,0
456,Mandalay,Mandalay,Amarapura,MMR010006,2014-2015,Emahta,18603,11793,93.64,1104280
457,Mandalay,Mandalay,Pathegyi,MMR010007,2014-2015,Emahta,38592,18381,94.63,1739330
458,Mandalay,Pyinoolwin,Pyinoolwin,MMR010008,2014-2015,Emahta,7469,7469,71.7,535557
459,Mandalay,Pyinoolwin,Madaya,MMR010009,2014-2015,Emahta,71556,37454,97.42,3648844
460,Mandalay,Pyinoolwin,Singu,MMR010010,2014-2015,Emahta,880,300,82.44,24732
461,Mandalay,Pyinoolwin,Mogoke,MMR010011,2014-2015,Emahta,3403,3403,71.7,243995
462,Mandalay,Pyinoolwin,Thabeikkyin,MMR010012,2014-2015,Emahta,2547,1798,73.42,132001
463,Mandalay,Pyinoolwin,Takaung,MMR0100,2014-2015,Emahta,452,448,63.54,28464
464,Mandalay,Kyaukse,Kyaukse,MMR010013,2014-2015,Emahta,41652,40210,92,3789994
465,Mandalay,Kyaukse,Sintgaing,MMR010014,2014-2015,Emahta,18174,16897,92.93,1570269
466,Mandalay,Kyaukse,Myittha,MMR010015,2014-2015,Emahta,21768,17780,89.66,1594257
467,Mandalay,Kyaukse,Tada-U,MMR010016,2014-2015,Emahta,5510,5215,92.52,482468
468,Mandalay,Meiktila,Meiktila,MMR010028,2014-2015,Emahta,1053,1053,82.21,86571
469,Mandalay,Meiktila,Mahlaing,MMR010029,2014-2015,Emahta,2830,2830,63.73,180355
470,Mandalay,Meiktila,Thazi,MMR010030,2014-2015,Emahta,1000,1878,64.27,120705
471,Mandalay,Meiktila,Wundwin,MMR010031,2014-2015,Emahta,7261,797,75.8,60411
472,Mandalay,Myingyan,Myingyan,MMR010017,2014-2015,Emahta,3195,2156,88.71,191269
473,Mandalay,Myingyan,Taungtha,MMR010018,2014-2015,Emahta,3370,2927,88.99,260460
474,Mandalay,Myingyan,Natogyi,MMR010019,2014-2015,Emahta,630,408,120.29,49079
475,Mandalay,Myingyan,Ngazun,MMR010021,2014-2015,Emahta,383,160,110.18,17628
476,Mandalay,Naung-U,Naung-U,MMR010022,2014-2015,Emahta,1242,1039,80.5,83640
477,Mandalay,Naung-U,Kyaukpadaung,MMR010020 ,2014-2015,Emahta,3393,3362,60.92,204819
478,Mandalay,Naung-U,Ngathayauk,,2014-2015,Emahta,0,0,0,0
479,Mandalay,Yamethin,Yamethin,MMR010023,2014-2015,Emahta,8826,8724,56.48,492769
480,Mandalay,Yamethin,Pyawbwe,MMR010024,2014-2015,Emahta,1945,1543,79.35,122434
481,Mandalay,Mandalay,Aungmyethazan,MMR010001,2014-2015, Letyezin,29,11,100.91,1110
482,Mandalay,Mandalay,Chanayethazan,MMR010002,2014-2015, Letyezin,0,0,0,0
483,Mandalay,Mandalay,Mahaaungmye,MMR010003,2014-2015, Letyezin,0,0,0,0
484,Mandalay,Mandalay,Chanmyathazi,MMR010004,2014-2015, Letyezin,0,0,0,0
485,Mandalay,Mandalay,Pyigidagon,MMR010005,2014-2015, Letyezin,102,,,
486,Mandalay,Mandalay,Amarapura,MMR010006,2014-2015, Letyezin,2304,90,93.82,8444
487,Mandalay,Mandalay,Pathegyi,MMR010007,2014-2015, Letyezin,7142,6962,94.53,658118
488,Mandalay,Pyinoolwin,Pyinoolwin,MMR010008,2014-2015, Letyezin,0,0,0,0
489,Mandalay,Pyinoolwin,Madaya,MMR010009,2014-2015, Letyezin,16405,7005,95.49,668899
490,Mandalay,Pyinoolwin,Singu,MMR010010,2014-2015, Letyezin,19004,13513,82.35,1112788
491,Mandalay,Pyinoolwin,Mogoke,MMR010011,2014-2015, Letyezin,0,0,0,0
492,Mandalay,Pyinoolwin,Thabeikkyin,MMR010012,2014-2015, Letyezin,4344,3859,79.06,305074
493,Mandalay,Pyinoolwin,Takaung,MMR010012702,2014-2015, Letyezin,1440,1415,68.16,96452
494,Mandalay,Kyaukse,Kyaukse,MMR010013,2014-2015, Letyezin,10298,10298,103,1056909
495,Mandalay,Kyaukse,Sintgaing,MMR010014,2014-2015, Letyezin,9307,9307,96.08,894217
496,Mandalay,Kyaukse,Myittha,MMR010015,2014-2015, Letyezin,30013,30475,101.82,3103012
497,Mandalay,Kyaukse,Tada-U,MMR010016,2014-2015, Letyezin,4669,4669,93.82,438029
498,Mandalay,Meiktila,Meiktila,MMR010028,2014-2015, Letyezin,4143,4143,72.81,301658
499,Mandalay,Meiktila,Mahlaing,MMR010029,2014-2015, Letyezin,2104,2104,63.46,133517
500,Mandalay,Meiktila,Thazi,MMR010030,2014-2015, Letyezin,16622,16617,67.54,1122363
501,Mandalay,Meiktila,Wundwin,MMR010031,2014-2015, Letyezin,49302,48415,72.81,3525020
502,Mandalay,Myingyan,Myingyan,MMR010017,2014-2015, Letyezin,1925,1635,75.6,123611
503,Mandalay,Myingyan,Taungtha,MMR010018,2014-2015, Letyezin,2321,1835,78.28,143643
504,Mandalay,Myingyan,Natogyi,MMR010019,2014-2015, Letyezin,11620,11620,63.27,735227
505,Mandalay,Myingyan,Ngazun,MMR010021,2014-2015, Letyezin,5258,4397,80.01,351825
506,Mandalay,Naung-U,Naung-U,MMR010022,2014-2015, Letyezin,1321,1023,75.97,77714
507,Mandalay,Naung-U,Kyaukpadaung,MMR010020 ,2014-2015, Letyezin,14357,13747,66.06,908086
508,Mandalay,Naung-U,Ngathayauk,MMR010022703,2014-2015, Letyezin,0,0,0,0
509,Mandalay,Yamethin,Yamethin,MMR010023,2014-2015, Letyezin,32012,31972,70.17,2243626
510,Mandalay,Yamethin,Pyawbwe,MMR010024,2014-2015, Letyezin,29504,29504,67.54,1992798
511,Mandalay,Mandalay,Aungmyethazan,MMR010001,2014-2015,Ngasein,0,0,0,0
512,Mandalay,Mandalay,Chanayethazan,MMR010002,2014-2015,Ngasein,0,0,0,0
513,Mandalay,Mandalay,Mahaaungmye,MMR010003,2014-2015,Ngasein,0,0,0,0
514,Mandalay,Mandalay,Chanmyathazi,MMR010004,2014-2015,Ngasein,0,0,0,0
515,Mandalay,Mandalay,Pyigidagon,MMR010005,2014-2015,Ngasein,0,0,0,0
516,Mandalay,Mandalay,Amarapura,MMR010006,2014-2015,Ngasein,0,0,0,0
517,Mandalay,Mandalay,Pathegyi,MMR010007,2014-2015,Ngasein,0,0,0,0
518,Mandalay,Pyinoolwin,Pyinoolwin,MMR010008,2014-2015,Ngasein,0,0,0,0
519,Mandalay,Pyinoolwin,Madaya,MMR010009,2014-2015,Ngasein,10708,10708,69.58,744933
520,Mandalay,Pyinoolwin,Singu,MMR010010,2014-2015,Ngasein,9753,9753,57.08,556716
521,Mandalay,Pyinoolwin,Mogoke,MMR010011,2014-2015,Ngasein,0,0,0,0
522,Mandalay,Pyinoolwin,Thabeikkyin,MMR010012,2014-2015,Ngasein,0,0,0,0
523,Mandalay,Pyinoolwin,Takaung,MMR010012702,2014-2015,Ngasein,0,0,0,0
524,Mandalay,Kyaukse,Kyaukse,MMR010013,2014-2015,Ngasein,0,0,0,0
525,Mandalay,Kyaukse,Sintgaing,MMR010014,2014-2015,Ngasein,0,0,0,0
526,Mandalay,Kyaukse,Myittha,MMR010015,2014-2015,Ngasein,0,0,0,0
527,Mandalay,Kyaukse,Tada-U,MMR010016,2014-2015,Ngasein,0,0,0,0
528,Mandalay,Meiktila,Meiktila,MMR010028,2014-2015,Ngasein,0,0,0,0
529,Mandalay,Meiktila,Mahlaing,MMR010029,2014-2015,Ngasein,0,0,0,0
530,Mandalay,Meiktila,Thazi,MMR010030,2014-2015,Ngasein,13005,13005,57.47,747417
531,Mandalay,Meiktila,Wundwin,MMR010031,2014-2015,Ngasein,17208,15844,47.12,746578
532,Mandalay,Myingyan,Myingyan,MMR010017,2014-2015,Ngasein,61,0,0,0
533,Mandalay,Myingyan,Taungtha,MMR010018,2014-2015,Ngasein,15,0,0,0
534,Mandalay,Myingyan,Natogyi,MMR010019,2014-2015,Ngasein,1820,0,0,0
535,Mandalay,Myingyan,Ngazun,MMR010021,2014-2015,Ngasein,0,0,0,0
536,Mandalay,Naung-U,Naung-U,MMR010022,2014-2015,Ngasein,0,0,0,0
537,Mandalay,Naung-U,Kyaukpadaung,MMR010020 ,2014-2015,Ngasein,0,0,0,0
538,Mandalay,Naung-U,Ngathayauk,MMR010022703,2014-2015,Ngasein,0,0,0,0
539,Mandalay,Yamethin,Yamethin,MMR010023,2014-2015,Ngasein,0,0,0,0
540,Mandalay,Yamethin,Pyawbwe,MMR010024,2014-2015,Ngasein,0,0,0,0
541,Mandalay,Mandalay,Aungmyethazan,MMR010001,2014-2015,Glutinous,0,0,0,0
542,Mandalay,Mandalay,Chanayethazan,MMR010002,2014-2015,Glutinous,0,0,0,0
543,Mandalay,Mandalay,Mahaaungmye,MMR010003,2014-2015,Glutinous,0,0,0,0
544,Mandalay,Mandalay,Chanmyathazi,MMR010004,2014-2015,Glutinous,0,0,0,0
545,Mandalay,Mandalay,Pyigidagon,MMR010005,2014-2015,Glutinous,0,0,0,0
546,Mandalay,Mandalay,Amarapura,MMR010006,2014-2015,Glutinous,0,0,0,0
547,Mandalay,Mandalay,Pathegyi,MMR010007,2014-2015,Glutinous,0,0,0,0
548,Mandalay,Pyinoolwin,Pyinoolwin,MMR010008,2014-2015,Glutinous,0,0,0,0
549,Mandalay,Pyinoolwin,Madaya,MMR010009,2014-2015,Glutinous,0,0,0,0
550,Mandalay,Pyinoolwin,Singu,MMR010010,2014-2015,Glutinous,95,95,68.6,6517
551,Mandalay,Pyinoolwin,Mogoke,MMR010011,2014-2015,Glutinous,0,0,0,0
552,Mandalay,Pyinoolwin,Thabeikkyin,MMR010012,2014-2015,Glutinous,0,0,0,0
553,Mandalay,Pyinoolwin,Takaung,MMR010012702,2014-2015,Glutinous,0,0,0,0
554,Mandalay,Kyaukse,Kyaukse,MMR010013,2014-2015,Glutinous,0,0,0,0
555,Mandalay,Kyaukse,Sintgaing,MMR010014,2014-2015,Glutinous,0,0,0,0
556,Mandalay,Kyaukse,Myittha,MMR010015,2014-2015,Glutinous,0,0,0,0
557,Mandalay,Kyaukse,Tada-U,MMR010016,2014-2015,Glutinous,0,0,0,0
558,Mandalay,Meiktila,Meiktila,MMR010028,2014-2015,Glutinous,0,0,0,0
559,Mandalay,Meiktila,Mahlaing,MMR010029,2014-2015,Glutinous,0,0,0,0
560,Mandalay,Meiktila,Thazi,MMR010030,2014-2015,Glutinous,0,0,0,0
561,Mandalay,Meiktila,Wundwin,MMR010031,2014-2015,Glutinous,0,0,0,0
562,Mandalay,Myingyan,Myingyan,MMR010017,2014-2015,Glutinous,0,0,0,0
563,Mandalay,Myingyan,Taungtha,MMR010018,2014-2015,Glutinous,0,0,0,0
564,Mandalay,Myingyan,Natogyi,MMR010019,2014-2015,Glutinous,0,0,0,0
565,Mandalay,Myingyan,Ngazun,MMR010021,2014-2015,Glutinous,0,0,0,0
566,Mandalay,Naung-U,Naung-U,MMR010022,2014-2015,Glutinous,0,0,0,0
567,Mandalay,Naung-U,Kyaukpadaung,MMR010020 ,2014-2015,Glutinous,0,0,0,0
568,Mandalay,Naung-U,Ngathayauk,MMR010022703,2014-2015,Glutinous,0,0,0,0
569,Mandalay,Yamethin,Yamethin,MMR010023,2014-2015,Glutinous,0,0,0,0
570,Mandalay,Yamethin,Pyawbwe,MMR010024,2014-2015,Glutinous,0,0,0,0
